Company Id,Company Owner.id,Company Owner,Company Name,Phone,Parent/Holding Companies,Association or Affiliation,Website,Tag,Description,Created By.id,Created By,Modified By.id,Modified By,Created Time,Modified Time,Last Activity Time,QuickBooks ID,Billing Street,Billing City,Billing State,Billing Country,Billing Code
zcrm_6921033000000579448,zcrm_6921033000000570001,Cory Kronheim,BlueStamp Health,650-422-8669,,,,Referral,,zcrm_6921033000000570001,Cory Kronheim,zcrm_6921033000000570001,Cory Kronheim,2025-07-25 15:49:38,2025-08-06 10:44:58,2026-02-12 16:01:13,,,,,,
zcrm_6921033000000579449,zcrm_6921033000000570001,Cory Kronheim,Brown Edwards & Co LLP,434-401-4029,,,,Prospect,,zcrm_6921033000000570001,Cory Kronheim,zcrm_6921033000000570001,Cory Kronheim,2025-07-25 15:49:38,2025-08-06 10:45:09,2026-03-23 14:23:42,,,,,,
zcrm_6921033000000579450,zcrm_6921033000000570001,Cory Kronheim,Crowe LLP,,,,,Referral,,zcrm_6921033000000570001,Cory Kronheim,zcrm_6921033000000570001,Cory Kronheim,2025-07-25 15:49:38,2025-08-06 10:46:55,2026-03-23 14:23:42,,,,,,
zcrm_6921033000000579452,zcrm_6921033000000570001,Cory Kronheim,Cumberland Valley National,606-310-2361,,,,Prospect,,zcrm_6921033000000570001,Cory Kronheim,zcrm_6921033000000570001,Cory Kronheim,2025-07-25 15:49:38,2025-08-06 10:47:02,2026-03-23 14:23:41,,,,,,
zcrm_6921033000000579457,zcrm_6921033000000570001,Cory Kronheim,Xavier University,,,,,Contact,,zcrm_6921033000000570001,Cory Kronheim,zcrm_6921033000000570001,Cory Kronheim,2025-07-25 15:49:38,2025-08-06 11:00:40,2026-03-23 14:23:42,,,,,,
zcrm_6921033000000579458,zcrm_6921033000000570001,Cory Kronheim,UT Federal Credit Union,,,,,Prospect,,zcrm_6921033000000570001,Cory Kronheim,zcrm_6921033000000570001,Cory Kronheim,2025-07-25 15:49:38,2025-08-06 11:00:27,2026-03-23 14:23:42,,,,,,
zcrm_6921033000000579459,zcrm_6921033000000570001,Cory Kronheim,BrightView Capital (Northwestern),615-742-5166,,,,Prospect,Mutual Funds,zcrm_6921033000000570001,Cory Kronheim,zcrm_6921033000000570001,Cory Kronheim,2025-07-25 15:49:38,2025-08-06 10:45:06,2026-03-23 14:23:41,,,,,,
zcrm_6921033000000579460,zcrm_6921033000000570001,Cory Kronheim,True North Classical Academy,305-749-5725,,,,Prospect,,zcrm_6921033000000570001,Cory Kronheim,zcrm_6921033000000570001,Cory Kronheim,2025-07-25 15:49:38,2025-08-06 16:19:45,2026-03-23 14:23:41,,,,,,
zcrm_6921033000000579461,zcrm_6921033000000570001,Cory Kronheim,BankTennessee,,,,,Prospect,,zcrm_6921033000000570001,Cory Kronheim,zcrm_6921033000000570001,Cory Kronheim,2025-07-25 15:49:38,2025-08-06 10:44:42,2026-03-23 14:23:41,,,,,,
zcrm_6921033000000579463,zcrm_6921033000000570001,Cory Kronheim,"Carr, Riggs and Ingram",,,,,Referral,,zcrm_6921033000000570001,Cory Kronheim,zcrm_6921033000000570001,Cory Kronheim,2025-07-25 15:49:38,2025-08-06 10:45:21,2026-03-23 14:23:41,,,,,,
zcrm_6921033000000579465,zcrm_6921033000000570001,Cory Kronheim,Esquire Bank,,,,,Potential Prospect,,zcrm_6921033000000570001,Cory Kronheim,zcrm_6921033000000570001,Cory Kronheim,2025-07-25 15:49:38,2025-08-06 10:47:46,2026-03-23 14:23:40,,,,,,
zcrm_6921033000000579467,zcrm_6921033000000570001,Cory Kronheim,Forvis,,,,,Referral,,zcrm_6921033000000570001,Cory Kronheim,zcrm_6921033000000570001,Cory Kronheim,2025-07-25 15:49:38,2025-08-06 10:54:22,2025-08-06 10:54:22,,,,,,
zcrm_6921033000000579470,zcrm_6921033000000570001,Cory Kronheim,K&L Gates,931-224-2909,,,,Referral,,zcrm_6921033000000570001,Cory Kronheim,zcrm_6921033000000570001,Cory Kronheim,2025-07-25 15:49:38,2025-08-06 10:55:23,2026-03-23 14:23:41,,,,,,
zcrm_6921033000000579471,zcrm_6921033000000570001,Cory Kronheim,Ocean Bank,,,,,Potential Prospect,,zcrm_6921033000000570001,Cory Kronheim,zcrm_6921033000000570001,Cory Kronheim,2025-07-25 15:49:38,2025-08-06 10:56:29,2026-03-23 14:23:40,,,,,,
zcrm_6921033000000579472,zcrm_6921033000000570001,Cory Kronheim,Advance Financial 24/7,,,,,Prospect,Subprime finance company,zcrm_6921033000000570001,Cory Kronheim,zcrm_6921033000000570001,Cory Kronheim,2025-07-25 15:49:38,2025-08-06 10:43:47,2026-03-23 14:23:40,,,,,,
zcrm_6921033000000579474,zcrm_6921033000000570001,Cory Kronheim,Alma Bank,,,,,Potential Prospect,,zcrm_6921033000000570001,Cory Kronheim,zcrm_6921033000000570001,Cory Kronheim,2025-07-25 15:49:38,2025-08-06 10:42:01,2026-03-23 14:23:40,,,,NY,,
zcrm_6921033000000579475,zcrm_6921033000000570001,Cory Kronheim,American Savings Bank,,,,,Potential Prospect,,zcrm_6921033000000570001,Cory Kronheim,zcrm_6921033000000570001,Cory Kronheim,2025-07-25 15:49:38,2025-08-06 10:42:20,2026-03-23 14:23:40,,,,,,
zcrm_6921033000000579476,zcrm_6921033000000570001,Cory Kronheim,Ameriserv,,,,,Potential Prospect,,zcrm_6921033000000570001,Cory Kronheim,zcrm_6921033000000570001,Cory Kronheim,2025-07-25 15:49:38,2025-08-06 10:42:25,2025-08-06 10:42:25,,,,,,
zcrm_6921033000000579477,zcrm_6921033000000570001,Cory Kronheim,Apex Bank,,,,,Prospect,,zcrm_6921033000000570001,Cory Kronheim,zcrm_6921033000000570001,Cory Kronheim,2025-07-25 15:49:38,2025-08-06 10:42:44,2026-03-23 14:23:40,,,,,,
zcrm_6921033000000579478,zcrm_6921033000000570001,Cory Kronheim,Avidia Bank,,,,,Potential Prospect,,zcrm_6921033000000570001,Cory Kronheim,zcrm_6921033000000570001,Cory Kronheim,2025-07-25 15:49:38,2025-08-06 10:43:58,2026-03-23 14:23:40,,,,,,
zcrm_6921033000000579479,zcrm_6921033000000570001,Cory Kronheim,Bank of Perry County,,,,,Potential Prospect,,zcrm_6921033000000570001,Cory Kronheim,zcrm_6921033000000570001,Cory Kronheim,2025-07-25 15:49:38,2025-08-06 10:44:25,2026-03-23 14:23:41,,,,,,
zcrm_6921033000000579480,zcrm_6921033000000570001,Cory Kronheim,Bank of Tennessee,,,,,Prospect,,zcrm_6921033000000570001,Cory Kronheim,zcrm_6921033000000570001,Cory Kronheim,2025-07-25 15:49:38,2025-08-06 10:44:30,2026-03-23 14:23:42,,,,,,
zcrm_6921033000000579482,zcrm_6921033000000570001,Cory Kronheim,BankPlus,,,,,Potential Prospect,,zcrm_6921033000000570001,Cory Kronheim,zcrm_6921033000000570001,Cory Kronheim,2025-07-25 15:49:38,2025-08-06 10:44:35,2026-03-23 14:23:40,,,,,,
zcrm_6921033000000579483,zcrm_6921033000000570001,Cory Kronheim,Brian J Cali & Associates,,,,,Referral,,zcrm_6921033000000570001,Cory Kronheim,zcrm_6921033000000570001,Cory Kronheim,2025-07-25 15:49:38,2025-08-06 10:45:00,2026-03-23 14:23:40,,,,,,
zcrm_6921033000000579484,zcrm_6921033000000570001,Cory Kronheim,Centennial Bank,,,,,Potential Prospect,,zcrm_6921033000000570001,Cory Kronheim,zcrm_6921033000000570001,Cory Kronheim,2025-07-25 15:49:38,2025-08-06 10:45:28,2026-03-23 14:23:40,,,,,,
zcrm_6921033000000579486,zcrm_6921033000000570001,Cory Kronheim,Citizens Bank of Lafayette,,,,,Prospect,,zcrm_6921033000000570001,Cory Kronheim,zcrm_6921033000000570001,Cory Kronheim,2025-07-25 15:49:38,2025-08-06 10:45:46,2026-03-23 14:23:40,,,,,,
zcrm_6921033000000579488,zcrm_6921033000000570001,Cory Kronheim,Citizens National Bank,,,,,Prospect,,zcrm_6921033000000570001,Cory Kronheim,zcrm_6921033000000570001,Cory Kronheim,2025-07-25 15:49:38,2025-10-29 12:03:20,2026-03-23 14:23:41,,200 Forks of River Parkway,Sevierville,TN,37862,
zcrm_6921033000000579490,zcrm_6921033000000570001,Cory Kronheim,Citizens Tri-County Bank,,,,,Prospect,,zcrm_6921033000000570001,Cory Kronheim,zcrm_6921033000000570001,Cory Kronheim,2025-07-25 15:49:38,2025-08-06 10:46:01,2026-03-23 14:23:40,,,,,,
zcrm_6921033000000579491,zcrm_6921033000000570001,Cory Kronheim,Colony Bank,,,,,Potential Prospect,,zcrm_6921033000000570001,Cory Kronheim,zcrm_6921033000000570001,Cory Kronheim,2025-07-25 15:49:38,2025-08-06 10:46:15,2026-03-23 14:23:40,,,,,,
zcrm_6921033000000579492,zcrm_6921033000000570001,Cory Kronheim,Commercial Bancorp,,,,,Prospect,,zcrm_6921033000000570001,Cory Kronheim,zcrm_6921033000000570001,Cory Kronheim,2025-07-25 15:49:38,2025-08-06 10:46:48,2026-03-23 14:23:40,,,,,,
zcrm_6921033000000579494,zcrm_6921033000000570001,Cory Kronheim,Cornerstone Financial Credit Union,,,,,Potential Prospect,,zcrm_6921033000000570001,Cory Kronheim,zcrm_6921033000000570001,Cory Kronheim,2025-07-25 15:49:38,2025-08-06 10:46:52,2026-03-23 14:23:41,,,,,,
zcrm_6921033000000579495,zcrm_6921033000000570001,Cory Kronheim,Cullman Savings Bank,,,,,,,zcrm_6921033000000570001,Cory Kronheim,zcrm_6921033000000570001,Cory Kronheim,2025-07-25 15:49:38,2025-08-06 16:05:54,2026-03-23 14:23:40,,,,,,
zcrm_6921033000000579496,zcrm_6921033000000570001,Cory Kronheim,Decatur County Bank,,,,,Prospect,,zcrm_6921033000000570001,Cory Kronheim,zcrm_6921033000000570001,Cory Kronheim,2025-07-25 15:49:38,2025-12-19 08:58:15,2026-03-23 14:23:42,,56 North Pleasant St,Decaturville,TN,,38329
zcrm_6921033000000579497,zcrm_6921033000000570001,Cory Kronheim,DLP Capital,,,,,Referral,,zcrm_6921033000000570001,Cory Kronheim,zcrm_6921033000000570001,Cory Kronheim,2025-07-25 15:49:38,2025-08-06 10:47:25,2026-03-23 14:23:41,,,,,,
zcrm_6921033000000579498,zcrm_6921033000000570001,Cory Kronheim,Edmonton State Bank,,,,,Prospect,,zcrm_6921033000000570001,Cory Kronheim,zcrm_6921033000000570001,Cory Kronheim,2025-07-25 15:49:38,2025-08-06 10:47:30,2026-03-23 14:23:41,,,,,,
zcrm_6921033000000579499,zcrm_6921033000000570001,Cory Kronheim,EntreBank,,,,,Potential Prospect,,zcrm_6921033000000570001,Cory Kronheim,zcrm_6921033000000570001,Cory Kronheim,2025-07-25 15:49:38,2025-08-06 10:47:42,2026-03-23 14:23:40,,,,,,
zcrm_6921033000000579500,zcrm_6921033000000570001,Cory Kronheim,Fairfield National Bank,,,,,Potential Prospect,,zcrm_6921033000000570001,Cory Kronheim,zcrm_6921033000000570001,Cory Kronheim,2025-07-25 15:49:38,2025-08-06 10:47:50,2026-03-23 14:23:40,,,,,,
zcrm_6921033000000579501,zcrm_6921033000000570001,Cory Kronheim,Farm Bureau bank,,,,,Potential Prospect,,zcrm_6921033000000570001,Cory Kronheim,zcrm_6921033000000570001,Cory Kronheim,2025-07-25 15:49:38,2025-08-06 10:47:53,2026-03-23 14:23:40,,,,,,
zcrm_6921033000000579502,zcrm_6921033000000570001,Cory Kronheim,Farmers Bank & Trust Company,,,,,Potential Prospect,,zcrm_6921033000000570001,Cory Kronheim,zcrm_6921033000000570001,Cory Kronheim,2025-07-25 15:49:38,2025-08-06 10:47:58,2026-03-23 14:23:40,,,,,,
zcrm_6921033000000579503,zcrm_6921033000000570001,Cory Kronheim,Farmers State Bank,,,,,Prospect,,zcrm_6921033000000570001,Cory Kronheim,zcrm_6921033000000570001,Cory Kronheim,2025-07-25 15:49:38,2025-08-06 10:48:00,2026-03-23 14:23:42,,,,,,
zcrm_6921033000000579504,zcrm_6921033000000570001,Cory Kronheim,Fidelity Bank,,,,,Potential Prospect,,zcrm_6921033000000570001,Cory Kronheim,zcrm_6921033000000570001,Cory Kronheim,2025-07-25 15:49:38,2025-08-06 10:48:55,2026-03-23 14:23:40,,,,,,
zcrm_6921033000000579505,zcrm_6921033000000570001,Cory Kronheim,First Community Bank of Tennessee,,First Community Bank of Tennessee,,,Prospect,,zcrm_6921033000000570001,Cory Kronheim,zcrm_6921033000000570001,Cory Kronheim,2025-07-25 15:49:38,2025-08-13 16:37:48,2026-03-23 14:23:42,,,,,,
zcrm_6921033000000579506,zcrm_6921033000000570001,Cory Kronheim,First Community Mortgage,,First Community Bank of Tennessee,,,Prospect,First Community Bank of Tennessee,zcrm_6921033000000570001,Cory Kronheim,zcrm_6921033000000570001,Cory Kronheim,2025-07-25 15:49:38,2025-08-13 16:37:37,2026-03-23 14:23:41,,,,,,
zcrm_6921033000000579507,zcrm_6921033000000570001,Cory Kronheim,First Fidelity bank,,,,,Potential Prospect,,zcrm_6921033000000570001,Cory Kronheim,zcrm_6921033000000570001,Cory Kronheim,2025-07-25 15:49:38,2025-08-06 10:50:09,2026-03-23 14:23:40,,,,,,
zcrm_6921033000000579508,zcrm_6921033000000570001,Cory Kronheim,First Freedom Bank,,,,,Potential Prospect,,zcrm_6921033000000570001,Cory Kronheim,zcrm_6921033000000570001,Cory Kronheim,2025-07-25 15:49:38,2025-08-06 10:50:12,2026-03-23 14:23:40,,,,,,
zcrm_6921033000000579510,zcrm_6921033000000570001,Cory Kronheim,First National Bank of Pulaski,,,,,Prospect,,zcrm_6921033000000570001,Cory Kronheim,zcrm_6921033000000570001,Cory Kronheim,2025-07-25 15:49:38,2025-08-06 10:52:43,2026-03-23 14:23:42,,,,,,
zcrm_6921033000000579512,zcrm_6921033000000570001,Cory Kronheim,First Reliance Bank,,,,,Potential Prospect,,zcrm_6921033000000570001,Cory Kronheim,zcrm_6921033000000570001,Cory Kronheim,2025-07-25 15:49:38,2025-08-06 10:54:07,2026-03-23 14:23:40,,,,,,
zcrm_6921033000000579513,zcrm_6921033000000570001,Cory Kronheim,First State Bank of St. Charles,,,,,Potential Prospect,,zcrm_6921033000000570001,Cory Kronheim,zcrm_6921033000000570001,Cory Kronheim,2025-07-25 15:49:38,2025-08-06 10:54:12,2026-03-23 14:23:40,,,,,,
zcrm_6921033000000579514,zcrm_6921033000000570001,Cory Kronheim,"First US Bancshares, Inc and First US Bank",,,,,Potential Prospect,,zcrm_6921033000000570001,Cory Kronheim,zcrm_6921033000000570001,Cory Kronheim,2025-07-25 15:49:38,2025-08-06 10:54:15,2026-03-23 14:23:40,,,,,,
zcrm_6921033000000579516,zcrm_6921033000000570001,Cory Kronheim,Fourth Capital Bank,,Lawrence Family,Tennessee Bankers Association,,Prospect,,zcrm_6921033000000570001,Cory Kronheim,zcrm_6921033000000570001,Cory Kronheim,2025-07-25 15:49:38,2026-02-10 13:35:08,2026-02-19 10:19:56,,,,,,
zcrm_6921033000000579518,zcrm_6921033000000570001,Cory Kronheim,Guaranty Bank,,,,,Potential Prospect,,zcrm_6921033000000570001,Cory Kronheim,zcrm_6921033000000570001,Cory Kronheim,2025-07-25 15:49:38,2025-08-06 10:54:51,2026-03-23 14:23:40,,,,,,
zcrm_6921033000000579519,zcrm_6921033000000570001,Cory Kronheim,Homeland Community Bank,,,,,Prospect,,zcrm_6921033000000570001,Cory Kronheim,zcrm_6921033000000570001,Cory Kronheim,2025-07-25 15:49:38,2025-08-06 10:54:58,2026-03-23 14:23:42,,,,,,
zcrm_6921033000000579520,zcrm_6921033000000570001,Cory Kronheim,HomeTrust Bank,,,,,Potential Prospect,,zcrm_6921033000000570001,Cory Kronheim,zcrm_6921033000000570001,Cory Kronheim,2025-07-25 15:49:38,2025-08-06 10:55:02,2026-03-23 14:23:40,,,,,,
zcrm_6921033000000579521,zcrm_6921033000000570001,Cory Kronheim,Independent Bank,,,,,Potential Prospect,,zcrm_6921033000000570001,Cory Kronheim,zcrm_6921033000000570001,Cory Kronheim,2025-07-25 15:49:38,2025-08-06 10:55:11,2026-03-23 14:23:40,,,,,,
zcrm_6921033000000579522,zcrm_6921033000000570001,Cory Kronheim,InsBank,,,,,Prospect,,zcrm_6921033000000570001,Cory Kronheim,zcrm_6921033000000570001,Cory Kronheim,2025-07-25 15:49:38,2025-08-06 10:55:15,2026-03-23 14:23:41,,,,,,
zcrm_6921033000000579523,zcrm_6921033000000570001,Cory Kronheim,Lineage Bank,,,,,Potential Prospect,,zcrm_6921033000000570001,Cory Kronheim,zcrm_6921033000000570001,Cory Kronheim,2025-07-25 15:49:38,2025-08-06 10:55:31,2026-03-23 14:23:42,,,,,,
zcrm_6921033000000579524,zcrm_6921033000000570001,Cory Kronheim,Macon Bank & Trust Company,615-666-2121,,,,Prospect,,zcrm_6921033000000570001,Cory Kronheim,zcrm_6921033000000570001,Cory Kronheim,2025-07-25 15:49:38,2025-11-03 09:03:44,2026-03-23 14:23:42,,609 Red Boiling Springs Rd,Lafayette,TN,USA,37083
zcrm_6921033000000579525,zcrm_6921033000000570001,Cory Kronheim,Mascoma Bank,,,,,Potential Prospect,,zcrm_6921033000000570001,Cory Kronheim,zcrm_6921033000000570001,Cory Kronheim,2025-07-25 15:49:38,2025-08-06 10:56:04,2026-03-23 14:23:40,,,,,,
zcrm_6921033000000579526,zcrm_6921033000000570001,Cory Kronheim,"Morgantown Bank & Trust Company, Incorporated",,,,,Potential Prospect,,zcrm_6921033000000570001,Cory Kronheim,zcrm_6921033000000570001,Cory Kronheim,2025-07-25 15:49:38,2025-08-06 10:56:18,2026-03-23 14:23:40,,,,,,
zcrm_6921033000000579527,zcrm_6921033000000570001,Cory Kronheim,Mountain Commerce Bank,,,,,Prospect,,zcrm_6921033000000570001,Cory Kronheim,zcrm_6921033000000570001,Cory Kronheim,2025-07-25 15:49:38,2025-08-06 10:56:21,2026-03-23 14:23:41,,,,,,
zcrm_6921033000000579528,zcrm_6921033000000570001,Cory Kronheim,My First Farmers & Merchants Bank,,,,,Potential Prospect,,zcrm_6921033000000570001,Cory Kronheim,zcrm_6921033000000570001,Cory Kronheim,2025-07-25 15:49:38,2026-03-04 12:47:23,2026-03-04 12:47:23,,,,,,
zcrm_6921033000000579529,zcrm_6921033000000570001,Cory Kronheim,One Bank of Tennessee,,,,https://onebanktn.com/,Prospect,,zcrm_6921033000000570001,Cory Kronheim,zcrm_6921033000000570001,Cory Kronheim,2025-07-25 15:49:38,2025-08-06 10:56:42,2026-03-23 14:23:41,,,,,,
zcrm_6921033000000579530,zcrm_6921033000000570001,Cory Kronheim,Opportunity Bank of Montana,,,,,Potential Prospect,,zcrm_6921033000000570001,Cory Kronheim,zcrm_6921033000000570001,Cory Kronheim,2025-07-25 15:49:38,2025-08-06 10:56:45,2026-03-23 14:23:40,,,,,,
zcrm_6921033000000579531,zcrm_6921033000000570001,Cory Kronheim,Optimum Bank,,,,,Potential Prospect,,zcrm_6921033000000570001,Cory Kronheim,zcrm_6921033000000570001,Cory Kronheim,2025-07-25 15:49:38,2025-08-06 10:56:54,2026-03-23 14:23:40,,,,,,
zcrm_6921033000000579532,zcrm_6921033000000570001,Cory Kronheim,Patriot Bank Mortgage,,,,,Potential Prospect,,zcrm_6921033000000570001,Cory Kronheim,zcrm_6921033000000570001,Cory Kronheim,2025-07-25 15:49:38,2025-08-06 10:56:57,2026-03-23 14:23:40,,,,,,
zcrm_6921033000000579534,zcrm_6921033000000570001,Cory Kronheim,Seneca Savings,,,,,Potential Prospect,,zcrm_6921033000000570001,Cory Kronheim,zcrm_6921033000000570001,Cory Kronheim,2025-07-25 15:49:38,2025-08-06 10:57:42,2026-03-23 14:23:40,,,,,,
zcrm_6921033000000579535,zcrm_6921033000000570001,Cory Kronheim,SmartBank,,,,,Prospect,,zcrm_6921033000000570001,Cory Kronheim,zcrm_6921033000000570001,Cory Kronheim,2025-07-25 15:49:38,2025-08-06 10:58:02,2026-03-23 14:23:42,,,,,,
zcrm_6921033000000579536,zcrm_6921033000000570001,Cory Kronheim,Somerset Trust Company,,,,,Contact,,zcrm_6921033000000570001,Cory Kronheim,zcrm_6921033000000570001,Cory Kronheim,2025-07-25 15:49:38,2025-08-06 10:58:30,2026-03-23 14:23:40,,,,,,
zcrm_6921033000000579537,zcrm_6921033000000570001,Cory Kronheim,St Landry Bank & Trust Company,,,,,Potential Prospect,,zcrm_6921033000000570001,Cory Kronheim,zcrm_6921033000000570001,Cory Kronheim,2025-07-25 15:49:38,2025-08-06 10:58:44,2026-03-23 14:23:40,,,,,,
zcrm_6921033000000579538,zcrm_6921033000000570001,Cory Kronheim,Symmetry Lending,,,,,Potential Prospect,,zcrm_6921033000000570001,Cory Kronheim,zcrm_6921033000000570001,Cory Kronheim,2025-07-25 15:49:38,2025-08-06 10:59:04,2026-03-23 14:23:40,,,,,,
zcrm_6921033000000579539,zcrm_6921033000000570001,Cory Kronheim,The Bank of Fayette County,,,,,Potential Prospect,,zcrm_6921033000000570001,Cory Kronheim,zcrm_6921033000000570001,Cory Kronheim,2025-07-25 15:49:38,2025-08-06 10:59:08,2025-08-06 10:59:08,,,,,,
zcrm_6921033000000579540,zcrm_6921033000000570001,Cory Kronheim,The First National Bank of Middle Tennessee,,,,,Potential Prospect,,zcrm_6921033000000570001,Cory Kronheim,zcrm_6921033000000570001,Cory Kronheim,2025-07-25 15:49:38,2025-08-06 10:59:11,2026-03-23 14:23:40,,,,,,
zcrm_6921033000000579541,zcrm_6921033000000570001,Cory Kronheim,The GBS Group,,,,,Contact,,zcrm_6921033000000570001,Cory Kronheim,zcrm_6921033000000570001,Cory Kronheim,2025-07-25 15:49:38,2025-08-06 10:59:16,2025-12-07 16:43:32,,,,,,
zcrm_6921033000000579542,zcrm_6921033000000570001,Cory Kronheim,The Monticello Banking Company,,,,,Potential Prospect,,zcrm_6921033000000570001,Cory Kronheim,zcrm_6921033000000570001,Cory Kronheim,2025-07-25 15:49:38,2025-08-06 10:59:36,2026-03-23 14:23:40,,,,,,
zcrm_6921033000000579543,zcrm_6921033000000570001,Cory Kronheim,The Murray Bank,,,,,Potential Prospect,,zcrm_6921033000000570001,Cory Kronheim,zcrm_6921033000000570001,Cory Kronheim,2025-07-25 15:49:38,2025-08-06 10:59:39,2026-03-23 14:23:40,,,,,,
zcrm_6921033000000579544,zcrm_6921033000000570001,Cory Kronheim,The Poca Valley Bank,,,,,Potential Prospect,,zcrm_6921033000000570001,Cory Kronheim,zcrm_6921033000000570001,Cory Kronheim,2025-07-25 15:49:38,2025-08-06 10:59:44,2026-03-23 14:23:40,,,,,,
zcrm_6921033000000579545,zcrm_6921033000000570001,Cory Kronheim,Thread Bank,,,,,Prospect,,zcrm_6921033000000570001,Cory Kronheim,zcrm_6921033000000570001,Cory Kronheim,2025-07-25 15:49:38,2025-08-06 10:59:49,2026-03-23 14:23:41,,,,,,
zcrm_6921033000000579546,zcrm_6921033000000570001,Cory Kronheim,TriStar Bank,,,,,Prospect,,zcrm_6921033000000570001,Cory Kronheim,zcrm_6921033000000570001,Cory Kronheim,2025-07-25 15:49:38,2025-08-06 11:00:05,2026-03-23 14:23:40,,,,,,
zcrm_6921033000000579547,zcrm_6921033000000570001,Cory Kronheim,Truxton Trust Company,615-515-1716,,,www.truxtontrust.com,Prospect,,zcrm_6921033000000570001,Cory Kronheim,zcrm_6921033000000570001,Cory Kronheim,2025-07-25 15:49:38,2025-08-07 12:19:22,2026-03-23 14:23:42,,"20 Burton Hills Blvd, Suite 200",Nashville,TN,USA,37215
zcrm_6921033000000579548,zcrm_6921033000000570001,Cory Kronheim,Ubank,,,,,Prospect,,zcrm_6921033000000570001,Cory Kronheim,zcrm_6921033000000570001,Cory Kronheim,2025-07-25 15:49:38,2025-08-06 11:00:22,2026-03-23 14:23:41,,,,,,
zcrm_6921033000000579549,zcrm_6921033000000570001,Cory Kronheim,Upper Cumberlands Bancorp,,,,,Prospect,,zcrm_6921033000000570001,Cory Kronheim,zcrm_6921033000000570001,Cory Kronheim,2025-07-25 15:49:38,2025-08-06 11:00:24,2026-03-23 14:23:40,,,,,,
zcrm_6921033000000579551,zcrm_6921033000000570001,Cory Kronheim,ImageQuest,,,,,Referral,,zcrm_6921033000000570001,Cory Kronheim,zcrm_6921033000000570001,Cory Kronheim,2025-07-25 15:49:38,2025-08-06 10:55:06,2025-12-07 16:43:29,,,,,,
zcrm_6921033000000579573,zcrm_6921033000000570001,Cory Kronheim,Carlock Cars,,,,,Prospect,,zcrm_6921033000000570001,Cory Kronheim,zcrm_6921033000000570001,Cory Kronheim,2025-07-25 15:49:38,2025-08-06 10:45:14,2026-03-23 14:23:40,,,,,,
zcrm_6921033000000579574,zcrm_6921033000000570001,Cory Kronheim,Wedgewood Avenue,,,,,Prospect,,zcrm_6921033000000570001,Cory Kronheim,zcrm_6921033000000570001,Cory Kronheim,2025-07-25 15:49:38,2025-08-06 11:00:31,2026-03-23 14:23:40,,,,,,
zcrm_6921033000000579575,zcrm_6921033000000570001,Cory Kronheim,"Blacktide Development, LLC",,,,,Referral,,zcrm_6921033000000570001,Cory Kronheim,zcrm_6921033000000570001,Cory Kronheim,2025-07-25 15:49:38,2025-08-06 10:44:49,2026-03-23 14:23:40,,,,,,
zcrm_6921033000000579576,zcrm_6921033000000570001,Cory Kronheim,Smith Wynd CPA,615-794-8881,,,www.smithwynd.com,Prospect,,zcrm_6921033000000570001,Cory Kronheim,zcrm_6921033000000570001,Cory Kronheim,2025-07-25 15:49:38,2025-08-07 13:02:26,2026-03-23 14:23:42,,"9000 Carothers Pkwy, Ste 100",Franklin,TN,USA,37067
zcrm_6921033000000579577,zcrm_6921033000000570001,Cory Kronheim,CyberGlobal,773-771-7375,,,,Dead,,zcrm_6921033000000570001,Cory Kronheim,zcrm_6921033000000570001,Cory Kronheim,2025-07-25 15:49:38,2025-08-12 09:50:15,2025-12-07 16:43:28,,,,,,
zcrm_6921033000000579578,zcrm_6921033000000570001,Cory Kronheim,FirstBank,,FB Financial,,,Prospect,,zcrm_6921033000000570001,Cory Kronheim,zcrm_6921033000000570001,Cory Kronheim,2025-07-25 15:49:38,2025-08-12 09:50:56,2025-08-12 09:50:56,,,Nashville,TN,,
zcrm_6921033000000579579,zcrm_6921033000000570001,Cory Kronheim,ADP,,,,,Referral,,zcrm_6921033000000570001,Cory Kronheim,zcrm_6921033000000570001,Cory Kronheim,2025-07-25 15:49:38,2025-08-06 10:43:41,2026-03-23 14:23:41,,,,,,
zcrm_6921033000000579580,zcrm_6921033000000570001,Cory Kronheim,Cherry Bekaert,,,,,Referral,,zcrm_6921033000000570001,Cory Kronheim,zcrm_6921033000000570001,Cory Kronheim,2025-07-25 15:49:38,2025-08-06 10:45:34,2026-03-23 14:23:42,,,,,,
zcrm_6921033000000582277,zcrm_6921033000000570001,Cory Kronheim,The Golf Sanctuary,,,,,Contact,,zcrm_6921033000000570001,Cory Kronheim,zcrm_6921033000000570001,Cory Kronheim,2025-07-01 06:30:02,2025-08-06 10:59:27,2026-03-23 14:23:42,,,Brentwood,TN,USA,
zcrm_6921033000000582278,zcrm_6921033000000570001,Cory Kronheim,Lipscomb University,615-966-6216,,,,Client,,zcrm_6921033000000570001,Cory Kronheim,zcrm_6921033000000570001,Cory Kronheim,2025-07-01 06:35:06,2025-08-06 10:55:57,2026-03-23 14:23:42,,,,,,
zcrm_6921033000000582279,zcrm_6921033000000570001,Cory Kronheim,Ole Miss,,,,,Contact,,zcrm_6921033000000570001,Cory Kronheim,zcrm_6921033000000570001,Cory Kronheim,2025-07-01 06:35:52,2025-08-06 10:56:35,2026-03-23 14:23:42,,,,,,
zcrm_6921033000000582280,zcrm_6921033000000570001,Cory Kronheim,Junior Achievement of Middle TN,,,,,Prospect,,zcrm_6921033000000570001,Cory Kronheim,zcrm_6921033000000570001,Cory Kronheim,2025-07-25 15:40:45,2025-08-06 10:55:20,2026-03-23 14:23:42,,,,,,
zcrm_6921033000000582281,zcrm_6921033000000570001,Cory Kronheim,Eisner Amper,,,,,Referral,,zcrm_6921033000000570001,Cory Kronheim,zcrm_6921033000000570001,Cory Kronheim,2025-07-25 15:40:45,2025-08-06 10:47:35,2025-12-07 16:43:10,,,,,,
zcrm_6921033000000582284,zcrm_6921033000000570001,Cory Kronheim,"ChanceLight Behavioral Health, Therapy, & Education",615-361-4000,,,,Prospect,,zcrm_6921033000000570001,Cory Kronheim,zcrm_6921033000000570001,Cory Kronheim,2025-07-25 15:40:45,2025-08-06 10:45:32,2025-12-07 16:43:08,,,,,,
zcrm_6921033000000582285,zcrm_6921033000000570001,Cory Kronheim,Fox and Spindle,,,,,Contact,,zcrm_6921033000000570001,Cory Kronheim,zcrm_6921033000000570001,Cory Kronheim,2025-07-25 15:40:45,2025-08-06 10:54:43,2025-12-07 16:43:09,,,,,,
zcrm_6921033000000582286,zcrm_6921033000000570001,Cory Kronheim,"AICO Insights, Inc.",,,,,Referral,Platform developer for AI tools across industries,zcrm_6921033000000570001,Cory Kronheim,zcrm_6921033000000570001,Cory Kronheim,2025-07-25 15:40:45,2025-08-06 10:43:16,2025-12-07 16:43:09,,,,,,
zcrm_6921033000000582287,zcrm_6921033000000570001,Cory Kronheim,Strategic Opulence LLC,917-974-6875,,,,Referral,,zcrm_6921033000000570001,Cory Kronheim,zcrm_6921033000000570001,Cory Kronheim,2025-07-01 08:48:13,2025-08-06 10:58:50,2026-03-23 14:23:42,,,,,,
zcrm_6921033000000582288,zcrm_6921033000000570001,Cory Kronheim,Bank Director,,,Bank Director,,Prospect,,zcrm_6921033000000570001,Cory Kronheim,zcrm_6921033000000570001,Cory Kronheim,2025-07-25 15:40:45,2025-08-13 16:38:10,2026-03-23 14:23:41,,,,,,
zcrm_6921033000000582290,zcrm_6921033000000570001,Cory Kronheim,Formos Consulting,615-708-8870,,,,Referral,,zcrm_6921033000000570001,Cory Kronheim,zcrm_6921033000000570001,Cory Kronheim,2025-07-25 15:40:45,2025-08-06 10:54:20,2026-03-23 14:23:42,,,,,,
zcrm_6921033000000582291,zcrm_6921033000000570001,Cory Kronheim,ServisFirst Bank,615-516-9610,,,,Prospect,,zcrm_6921033000000570001,Cory Kronheim,zcrm_6921033000000570001,Cory Kronheim,2025-07-01 14:13:32,2025-08-06 16:17:55,2026-03-23 14:23:42,,,,,,
zcrm_6921033000000582292,zcrm_6921033000000570001,Cory Kronheim,FHN Financial,901-230-3818,FHN Financial,,,Prospect,Holding Company for First Horizon Bank,zcrm_6921033000000570001,Cory Kronheim,zcrm_6921033000000570001,Cory Kronheim,2025-07-25 15:40:45,2025-08-11 10:23:58,2026-03-23 14:23:42,,,,,,
zcrm_6921033000000582294,zcrm_6921033000000570001,Cory Kronheim,Three Roots Capital,865-322-0168,,,,Referral,,zcrm_6921033000000570001,Cory Kronheim,zcrm_6921033000000570001,Cory Kronheim,2025-07-01 14:16:46,2025-08-06 16:18:25,2026-03-23 14:23:42,,,,,,
zcrm_6921033000000582296,zcrm_6921033000000570001,Cory Kronheim,Powell Valley National Bank,423-571-4522,,,,Potential Prospect,,zcrm_6921033000000570001,Cory Kronheim,zcrm_6921033000000570001,Cory Kronheim,2025-07-01 14:19:50,2025-08-06 10:57:21,2026-03-23 14:23:42,,,,,,
zcrm_6921033000000582298,zcrm_6921033000000570001,Cory Kronheim,Current Marketing Solutions,585-766-3893,,,,Prospect,TBA!,zcrm_6921033000000570001,Cory Kronheim,zcrm_6921033000000570001,Cory Kronheim,2025-07-01 14:21:05,2025-08-06 10:47:06,2025-12-07 16:43:03,,,,,,
zcrm_6921033000000582300,zcrm_6921033000000570001,Cory Kronheim,Mental Health Cooperative,615-571-4244,,,,Prospect,,zcrm_6921033000000570001,Cory Kronheim,zcrm_6921033000000570001,Cory Kronheim,2025-07-01 14:22:16,2025-08-06 10:56:08,2025-12-07 16:43:11,,,,,,
zcrm_6921033000000582302,zcrm_6921033000000570001,Cory Kronheim,Abacor,347-978-6137,,,,Referral,Platform to build AI for CPA firms. They will never be a deal- only referral source,zcrm_6921033000000570001,Cory Kronheim,zcrm_6921033000000570001,Cory Kronheim,2025-07-25 15:40:45,2025-08-06 10:43:25,2026-03-23 14:23:42,,,,,,
zcrm_6921033000000582303,zcrm_6921033000000570001,Cory Kronheim,Wonderschool,415-650-7535,,,,Contact,,zcrm_6921033000000570001,Cory Kronheim,zcrm_6921033000000570001,Cory Kronheim,2025-07-01 16:26:02,2025-08-06 16:20:03,2026-03-23 14:23:42,,,,,,
zcrm_6921033000000582305,zcrm_6921033000000570001,Cory Kronheim,Sebastian Strong,,,,,Referral,,zcrm_6921033000000570001,Cory Kronheim,zcrm_6921033000000570001,Cory Kronheim,2025-07-02 08:16:30,2025-08-06 10:57:39,2026-03-23 14:23:41,,,,,,
zcrm_6921033000000582306,zcrm_6921033000000570001,Cory Kronheim,Paypal,,,,,Contact,,zcrm_6921033000000570001,Cory Kronheim,zcrm_6921033000000570001,Cory Kronheim,2025-07-13 06:42:47,2025-08-06 10:57:01,2026-03-23 14:23:40,,,,,,
zcrm_6921033000000582307,zcrm_6921033000000570001,Cory Kronheim,Kodiak Solutions,,,,,Referral,,zcrm_6921033000000570001,Cory Kronheim,zcrm_6921033000000570001,Cory Kronheim,2025-07-13 07:16:10,2025-08-06 10:55:25,2026-01-03 14:23:41,,,,,,
zcrm_6921033000000582308,zcrm_6921033000000570001,Cory Kronheim,Bluebook,,,,,Referral,,zcrm_6921033000000570001,Cory Kronheim,zcrm_6921033000000570001,Cory Kronheim,2025-07-25 15:40:45,2025-08-06 10:44:53,2026-01-26 14:23:40,,,,,,
zcrm_6921033000000599181,zcrm_6921033000000570001,Cory Kronheim,Studio Bank,,,,,Prospect,,zcrm_6921033000000570001,Cory Kronheim,zcrm_6921033000000570001,Cory Kronheim,2025-07-30 10:13:15,2025-08-06 10:59:00,2026-03-23 14:23:42,,,,,,
zcrm_6921033000000599233,zcrm_6921033000000570001,Cory Kronheim,Trial Innovations,415-944-9989,,,,Prospect,,zcrm_6921033000000570001,Cory Kronheim,zcrm_6921033000000570001,Cory Kronheim,2025-08-05 12:07:12,2025-08-06 16:19:19,2026-03-23 14:23:41,,6257 Westover Drive,Oakland,CA,,94611
zcrm_6921033000000599368,zcrm_6921033000000570001,Cory Kronheim,Hanmi Bancorporation,,,,,Prospect,,zcrm_6921033000000570001,Cory Kronheim,zcrm_6921033000000570001,Cory Kronheim,2025-08-05 17:06:57,2025-08-06 10:54:54,2026-03-23 14:23:42,,,,,,
zcrm_6921033000000599414,zcrm_6921033000000570001,Cory Kronheim,B1Bank,,,,,Referral,,zcrm_6921033000000570001,Cory Kronheim,zcrm_6921033000000570001,Cory Kronheim,2025-08-05 17:13:05,2025-08-06 10:44:03,2026-03-23 14:23:42,,,,,,
zcrm_6921033000000605034,zcrm_6921033000000570001,Cory Kronheim,SM Advisors,,,,www.smaiadvisors.com,Contact,,zcrm_6921033000000570001,Cory Kronheim,zcrm_6921033000000570001,Cory Kronheim,2025-08-06 10:09:01,2025-08-06 10:57:50,2026-01-18 14:23:44,,,,,,
zcrm_6921033000000616700,zcrm_6921033000000570001,Cory Kronheim,Tennessee Bankers Association,800-964-5525,,Tennessee Bankers Association,,Prospect,,zcrm_6921033000000570001,Cory Kronheim,zcrm_6921033000000570001,Cory Kronheim,2025-08-06 16:25:25,2025-10-22 15:35:07,2026-03-23 14:23:42,,"211 Athens Way, Suite 100",Nashville,TN,USA,37228
zcrm_6921033000000616712,zcrm_6921033000000570001,Cory Kronheim,Rachel Barrett & Company,615-969-0696,,,,Potential Prospect,Political consulting firm,zcrm_6921033000000570001,Cory Kronheim,zcrm_6921033000000570001,Cory Kronheim,2025-08-06 16:28:43,2025-08-12 09:50:37,2026-03-23 14:23:41,,,,,,
zcrm_6921033000000621799,zcrm_6921033000000570001,Cory Kronheim,People's Bank of Alabama,,,,,Prospect,,zcrm_6921033000000570001,Cory Kronheim,zcrm_6921033000000570001,Cory Kronheim,2025-08-07 16:19:22,2025-08-07 16:20:36,2026-03-23 14:23:40,,,,,,
zcrm_6921033000000633019,zcrm_6921033000000570001,Cory Kronheim,Texas First Bank,,,,,Prospect,,zcrm_6921033000000570001,Cory Kronheim,zcrm_6921033000000570001,Cory Kronheim,2025-08-11 10:07:01,2025-08-12 09:51:36,2026-03-23 14:23:41,,,,,,
zcrm_6921033000000634001,zcrm_6921033000000570001,Cory Kronheim,Abelian Partners,,,,,,,zcrm_6921033000000570001,Cory Kronheim,zcrm_6921033000000570001,Cory Kronheim,2025-08-07 14:37:49,2025-08-07 14:37:49,2025-12-07 16:43:15,,,,,,
zcrm_6921033000000635009,zcrm_6921033000000570001,Cory Kronheim,Mauldin & Jenkins,,,,,,,zcrm_6921033000000570001,Cory Kronheim,zcrm_6921033000000570001,Cory Kronheim,2025-08-11 10:09:37,2025-08-11 10:09:37,2026-03-23 14:23:40,,,,,,
zcrm_6921033000000645244,zcrm_6921033000000570001,Cory Kronheim,TMO (The Marathon Organization),,,Tennessee Bankers Association,,,"TMO, Inc.
T/A The Marathon Organization, LTD",zcrm_6921033000000570001,Cory Kronheim,zcrm_6921033000000570001,Cory Kronheim,2025-08-12 16:01:26,2025-08-13 16:32:19,2026-03-23 14:23:42,,1300 Wellington Ct,Virginia Beach,VA,USA,23454
zcrm_6921033000000656082,zcrm_6921033000000570001,Cory Kronheim,Upper Cumberlands,,,,,,,zcrm_6921033000000570001,Cory Kronheim,zcrm_6921033000000570001,Cory Kronheim,2025-08-14 14:23:43,2025-08-14 14:23:43,2026-03-23 14:23:40,,,,,,
zcrm_6921033000000656092,zcrm_6921033000000570001,Cory Kronheim,First Bank,615-549-9611,,,,,,zcrm_6921033000000570001,Cory Kronheim,zcrm_6921033000000570001,Cory Kronheim,2025-08-14 14:23:43,2026-03-05 10:21:56,2026-03-23 14:23:42,,"1221 Broadway, Suite 1300",Nashville,TN,,37203
zcrm_6921033000000656201,zcrm_6921033000000570001,Cory Kronheim,AutoWorld of Smyrna,,,,,,,zcrm_6921033000000570001,Cory Kronheim,zcrm_6921033000000570001,Cory Kronheim,2025-08-15 10:56:51,2025-08-15 10:56:51,2025-12-07 16:43:18,,,,,,
zcrm_6921033000000656210,zcrm_6921033000000570001,Cory Kronheim,Valor Collegiate Academies,,,,,,,zcrm_6921033000000570001,Cory Kronheim,zcrm_6921033000000570001,Cory Kronheim,2025-08-15 10:58:03,2025-08-15 10:58:03,2026-03-23 14:23:42,,,,,,
zcrm_6921033000000656219,zcrm_6921033000000570001,Cory Kronheim,APS Payroll,,,,,,,zcrm_6921033000000570001,Cory Kronheim,zcrm_6921033000000570001,Cory Kronheim,2025-08-15 10:58:38,2025-08-15 10:58:38,2025-12-06 14:23:40,,,,,,
zcrm_6921033000000656232,zcrm_6921033000000570001,Cory Kronheim,Phathom Pharmaceuticals,,,,,,,zcrm_6921033000000570001,Cory Kronheim,zcrm_6921033000000570001,Cory Kronheim,2025-08-15 10:59:25,2025-08-15 10:59:25,2025-12-07 16:43:18,,,,,,
zcrm_6921033000000656241,zcrm_6921033000000570001,Cory Kronheim,Old National Bank,,,,,,,zcrm_6921033000000570001,Cory Kronheim,zcrm_6921033000000570001,Cory Kronheim,2025-08-15 10:59:48,2025-08-15 10:59:48,2026-03-23 14:23:41,,,,,,
zcrm_6921033000000656250,zcrm_6921033000000570001,Cory Kronheim,"Workspace Solutions, Inc",,,,,,,zcrm_6921033000000570001,Cory Kronheim,zcrm_6921033000000570001,Cory Kronheim,2025-08-15 11:00:19,2025-08-15 11:00:19,2025-12-07 16:43:19,,,,,,
zcrm_6921033000000656266,zcrm_6921033000000570001,Cory Kronheim,Sequoia Financial Group,,,,,,,zcrm_6921033000000570001,Cory Kronheim,zcrm_6921033000000570001,Cory Kronheim,2025-08-15 11:01:26,2025-08-15 11:01:26,2026-03-23 14:23:41,,,,,,
zcrm_6921033000000656278,zcrm_6921033000000570001,Cory Kronheim,"John M. DeMarco, LLC",,,,,,,zcrm_6921033000000570001,Cory Kronheim,zcrm_6921033000000570001,Cory Kronheim,2025-08-15 11:04:17,2025-08-15 11:04:17,2026-03-23 14:23:41,,,,,,
zcrm_6921033000000656287,zcrm_6921033000000570001,Cory Kronheim,JW Technology & Design,,,,,,,zcrm_6921033000000570001,Cory Kronheim,zcrm_6921033000000570001,Cory Kronheim,2025-08-15 11:05:08,2025-08-15 11:05:08,2025-12-07 16:43:21,,,,,,
zcrm_6921033000000656300,zcrm_6921033000000570001,Cory Kronheim,Engage PEO,,,,,,,zcrm_6921033000000570001,Cory Kronheim,zcrm_6921033000000570001,Cory Kronheim,2025-08-15 11:06:47,2025-08-15 11:06:47,2026-04-02 14:23:40,,,,,,
zcrm_6921033000000656313,zcrm_6921033000000570001,Cory Kronheim,ASA,,,,,,,zcrm_6921033000000570001,Cory Kronheim,zcrm_6921033000000570001,Cory Kronheim,2025-08-15 11:08:03,2025-08-15 11:08:03,2025-12-07 16:43:22,,,,,,
zcrm_6921033000000656322,zcrm_6921033000000570001,Cory Kronheim,Pinnacle Bank,,,,,,,zcrm_6921033000000570001,Cory Kronheim,zcrm_6921033000000570001,Cory Kronheim,2025-08-15 11:08:28,2025-08-15 11:08:28,2026-03-23 14:23:42,,,,,,
zcrm_6921033000000656331,zcrm_6921033000000570001,Cory Kronheim,Life Force Chiropractic,,,,,,,zcrm_6921033000000570001,Cory Kronheim,zcrm_6921033000000570001,Cory Kronheim,2025-08-15 11:08:56,2025-08-15 11:08:56,2026-03-23 14:23:42,,,,,,
zcrm_6921033000000656348,zcrm_6921033000000570001,Cory Kronheim,Sera Advisors,,,,,,,zcrm_6921033000000570001,Cory Kronheim,zcrm_6921033000000570001,Cory Kronheim,2025-08-15 11:17:32,2025-08-15 11:17:32,2026-03-23 14:23:40,,,,,,
zcrm_6921033000000681087,zcrm_6921033000000570001,Cory Kronheim,Branded Golf,,,,,,,zcrm_6921033000000570001,Cory Kronheim,zcrm_6921033000000570001,Cory Kronheim,2025-08-25 12:02:42,2025-08-25 12:02:42,2026-03-23 14:23:40,,,,,,
zcrm_6921033000000681153,zcrm_6921033000000570001,Cory Kronheim,Vertice AI,,,,,,,zcrm_6921033000000570001,Cory Kronheim,zcrm_6921033000000570001,Cory Kronheim,2025-08-25 15:49:43,2025-08-25 15:49:43,2026-03-23 14:23:41,,,,,,
zcrm_6921033000000688010,zcrm_6921033000000570001,Cory Kronheim,"Maverick Business Partners, LLC",615-424-4145,,,,,Bookkeeping and management advice for small businesses,zcrm_6921033000000570001,Cory Kronheim,zcrm_6921033000000570001,Cory Kronheim,2025-08-27 10:05:32,2025-08-27 10:08:29,2026-03-23 14:23:41,,,,,,
zcrm_6921033000000706054,zcrm_6921033000000570001,Cory Kronheim,Loving Well Ministries,,,,,,,zcrm_6921033000000570001,Cory Kronheim,zcrm_6921033000000570001,Cory Kronheim,2025-09-02 09:56:49,2025-09-02 09:56:49,2025-12-07 16:42:56,,,,,,
zcrm_6921033000000706099,zcrm_6921033000000570001,Cory Kronheim,IE2 Construction,,,,,,,zcrm_6921033000000570001,Cory Kronheim,zcrm_6921033000000570001,Cory Kronheim,2025-09-03 09:02:13,2025-09-03 09:02:13,2026-03-23 14:23:40,,,,,,
zcrm_6921033000000706108,zcrm_6921033000000570001,Cory Kronheim,Allen Construction LLC,,,CFO Leadership Council,,,,zcrm_6921033000000570001,Cory Kronheim,zcrm_6921033000000570001,Cory Kronheim,2025-09-03 09:02:45,2025-10-03 09:06:47,2026-03-23 14:23:40,,,,,,
zcrm_6921033000000706117,zcrm_6921033000000570001,Cory Kronheim,SAK Construction,,,,,,,zcrm_6921033000000570001,Cory Kronheim,zcrm_6921033000000570001,Cory Kronheim,2025-09-03 09:03:15,2025-09-03 09:03:15,2026-03-23 14:23:40,,,,,,
zcrm_6921033000000706126,zcrm_6921033000000570001,Cory Kronheim,R.G. Smith Co.,,,,,,,zcrm_6921033000000570001,Cory Kronheim,zcrm_6921033000000570001,Cory Kronheim,2025-09-03 09:03:38,2025-09-03 09:03:38,2026-03-23 14:23:40,,,,,,
zcrm_6921033000000706135,zcrm_6921033000000570001,Cory Kronheim,"Salmon Electrical Contractors, Inc",,,,,,,zcrm_6921033000000570001,Cory Kronheim,zcrm_6921033000000570001,Cory Kronheim,2025-09-03 09:04:09,2025-09-03 09:04:09,2025-12-07 16:42:55,,,,,,
zcrm_6921033000000706144,zcrm_6921033000000570001,Cory Kronheim,"Miller Bros. Construction, Inc",,,,,,,zcrm_6921033000000570001,Cory Kronheim,zcrm_6921033000000570001,Cory Kronheim,2025-09-03 09:04:33,2025-09-03 09:04:33,2025-12-07 16:42:55,,,,,,
zcrm_6921033000000706153,zcrm_6921033000000570001,Cory Kronheim,Faber Construction,,,,,,,zcrm_6921033000000570001,Cory Kronheim,zcrm_6921033000000570001,Cory Kronheim,2025-09-03 09:04:55,2025-09-03 09:04:55,2025-12-05 06:27:13,,,,,,
zcrm_6921033000000706162,zcrm_6921033000000570001,Cory Kronheim,Rose Paving,,,,,,,zcrm_6921033000000570001,Cory Kronheim,zcrm_6921033000000570001,Cory Kronheim,2025-09-03 09:05:13,2025-09-03 09:05:13,2025-12-07 16:42:59,,,,,,
zcrm_6921033000000706171,zcrm_6921033000000570001,Cory Kronheim,"CIty BES, LLC",,,,,,,zcrm_6921033000000570001,Cory Kronheim,zcrm_6921033000000570001,Cory Kronheim,2025-09-03 09:05:37,2025-09-03 09:05:37,2025-12-07 16:43:00,,,,,,
zcrm_6921033000000706180,zcrm_6921033000000570001,Cory Kronheim,Iron Mike Construction LLC,,,,,,,zcrm_6921033000000570001,Cory Kronheim,zcrm_6921033000000570001,Cory Kronheim,2025-09-03 09:06:00,2025-09-03 09:06:00,2025-12-07 16:42:55,,,,,,
zcrm_6921033000000706189,zcrm_6921033000000570001,Cory Kronheim,Pylon Building Group,,,,,,,zcrm_6921033000000570001,Cory Kronheim,zcrm_6921033000000570001,Cory Kronheim,2025-09-03 09:06:31,2025-09-03 09:06:31,2025-12-05 06:27:13,,,,,,
zcrm_6921033000000706198,zcrm_6921033000000570001,Cory Kronheim,RaderMcCary Inc,,,,,,,zcrm_6921033000000570001,Cory Kronheim,zcrm_6921033000000570001,Cory Kronheim,2025-09-03 09:06:59,2025-09-03 09:06:59,2025-12-05 06:27:13,,,,,,
zcrm_6921033000000722002,zcrm_6921033000000570001,Cory Kronheim,CFO Leadership Council,,,CFO Leadership Council,,,,zcrm_6921033000000570001,Cory Kronheim,zcrm_6921033000000570001,Cory Kronheim,2025-09-10 11:45:14,2025-09-15 09:22:01,2025-09-15 09:22:01,,,,,,
zcrm_6921033000000730002,zcrm_6921033000000570001,Cory Kronheim,Balanced Wellness,,,,,,,zcrm_6921033000000570001,Cory Kronheim,zcrm_6921033000000570001,Cory Kronheim,2025-09-11 10:40:12,2025-09-11 10:40:12,2025-12-05 06:27:12,,,,,,
zcrm_6921033000000731066,zcrm_6921033000000570001,Cory Kronheim,JL Events & Association Management,,,CFO Leadership Council,https://jenniferlangleyevents.weebly.com/,,,zcrm_6921033000000570001,Cory Kronheim,zcrm_6921033000000570001,Cory Kronheim,2025-09-15 09:20:33,2025-09-15 09:21:44,2026-03-23 14:23:40,,,,,,
zcrm_6921033000000732081,zcrm_6921033000000570001,Cory Kronheim,Embark,,,,,Potential Prospect,,zcrm_6921033000000570001,Cory Kronheim,zcrm_6921033000000570001,Cory Kronheim,2025-09-15 11:19:21,2025-09-15 11:19:21,2026-03-23 14:23:40,,,,,,
zcrm_6921033000000732082,zcrm_6921033000000570001,Cory Kronheim,Life Well Therapy,615-800-0918,,,,Potential Prospect,,zcrm_6921033000000570001,Cory Kronheim,zcrm_6921033000000570001,Cory Kronheim,2025-09-15 11:19:21,2025-09-15 11:19:21,,,,,,,
zcrm_6921033000000732083,zcrm_6921033000000570001,Cory Kronheim,Cleveland Clinic,440-465-7449,,,,Potential Prospect,,zcrm_6921033000000570001,Cory Kronheim,zcrm_6921033000000570001,Cory Kronheim,2025-09-15 11:19:21,2025-09-15 11:19:21,2025-12-06 14:23:40,,,,,,
zcrm_6921033000000732084,zcrm_6921033000000570001,Cory Kronheim,Great Lakes Brewing Co,305-240-1498,,,,Potential Prospect,,zcrm_6921033000000570001,Cory Kronheim,zcrm_6921033000000570001,Cory Kronheim,2025-09-15 11:19:21,2025-09-15 11:19:21,2025-12-06 14:23:40,,,,,,
zcrm_6921033000000732085,zcrm_6921033000000570001,Cory Kronheim,Sherwin Williams,216-906-5932,,,,Potential Prospect,,zcrm_6921033000000570001,Cory Kronheim,zcrm_6921033000000570001,Cory Kronheim,2025-09-15 11:19:21,2025-09-15 11:19:21,2026-03-23 14:23:41,,,,,,
zcrm_6921033000000732086,zcrm_6921033000000570001,Cory Kronheim,CBIZ HCM,615-295-0894,,,,Potential Prospect,,zcrm_6921033000000570001,Cory Kronheim,zcrm_6921033000000570001,Cory Kronheim,2025-09-15 11:19:21,2025-09-15 11:19:21,2025-12-06 14:23:40,,,,,,
zcrm_6921033000000732087,zcrm_6921033000000570001,Cory Kronheim,"Randy Button & Associates, Inc.",615-347-3476,,,,Potential Prospect,,zcrm_6921033000000570001,Cory Kronheim,zcrm_6921033000000570001,Cory Kronheim,2025-09-15 11:19:21,2025-09-15 11:19:21,2026-03-23 14:23:41,,,,,,
zcrm_6921033000000754003,zcrm_6921033000000570001,Cory Kronheim,The Standard,,,,,,"Standard Retirement Services, Inc",zcrm_6921033000000570001,Cory Kronheim,zcrm_6921033000000570001,Cory Kronheim,2025-10-02 10:33:29,2025-10-27 09:52:57,2026-02-27 13:47:06,,,,,,
zcrm_6921033000000754020,zcrm_6921033000000570001,Cory Kronheim,First Rule,,,,,,,zcrm_6921033000000570001,Cory Kronheim,zcrm_6921033000000570001,Cory Kronheim,2025-10-02 10:37:37,2025-10-02 10:37:37,2026-03-23 14:23:40,,,,,,
zcrm_6921033000000754037,zcrm_6921033000000570001,Cory Kronheim,International Finance Bank,,,,,,,zcrm_6921033000000570001,Cory Kronheim,zcrm_6921033000000570001,Cory Kronheim,2025-10-06 10:54:05,2025-10-06 10:54:05,2026-03-23 14:23:41,,,,,,
zcrm_6921033000000756001,zcrm_6921033000000570001,Cory Kronheim,Bass Berry & Sims,,,,,,,zcrm_6921033000000570001,Cory Kronheim,zcrm_6921033000000570001,Cory Kronheim,2025-10-02 10:34:30,2025-10-02 10:34:30,2026-03-23 14:23:40,,,,,,
zcrm_6921033000000756028,zcrm_6921033000000570001,Cory Kronheim,Commercial Bank and Trust Company,,,,,,Referred by Andy Davies,zcrm_6921033000000570001,Cory Kronheim,zcrm_6921033000000570001,Cory Kronheim,2025-10-06 10:53:09,2025-10-14 12:24:53,2026-03-23 14:23:41,,,Memphis,TN,,
zcrm_6921033000000763046,zcrm_6921033000000570001,Cory Kronheim,Parsons Corporation,,,,,,,zcrm_6921033000000570001,Cory Kronheim,zcrm_6921033000000570001,Cory Kronheim,2025-10-06 11:33:32,2025-10-06 11:33:32,2026-03-23 14:23:41,,,,,,
zcrm_6921033000000763097,zcrm_6921033000000570001,Cory Kronheim,United Southern (Unisouth) Bank,,,,,,,zcrm_6921033000000570001,Cory Kronheim,zcrm_6921033000000570001,Cory Kronheim,2025-10-14 12:40:58,2025-10-14 12:43:24,2026-03-23 14:23:41,,750 N Central Ave,Umatilla,FL,32784,
zcrm_6921033000000763110,zcrm_6921033000000570001,Cory Kronheim,Smart Money Workplace Solutions,,,,,,"Met at Community News Event in Miami, October 2025",zcrm_6921033000000570001,Cory Kronheim,zcrm_6921033000000570001,Cory Kronheim,2025-10-14 12:41:31,2025-10-14 12:44:17,2025-12-07 16:42:44,,"10661 N Kendall Dr, Suite 229",Miami,FL,33176,
zcrm_6921033000000763119,zcrm_6921033000000570001,Cory Kronheim,Grove Bank & Trust,,,,,,Oscar Ortiz intro,zcrm_6921033000000570001,Cory Kronheim,zcrm_6921033000000570001,Cory Kronheim,2025-10-14 12:41:46,2025-10-14 12:44:53,2026-03-23 14:23:41,,2701 South Bayshore Drive,Miami,FL,33133,
zcrm_6921033000000763128,zcrm_6921033000000570001,Cory Kronheim,US Century Bank,,,,,,Oscar Ortiz intro,zcrm_6921033000000570001,Cory Kronheim,zcrm_6921033000000570001,Cory Kronheim,2025-10-14 12:42:03,2025-10-14 12:45:46,2026-03-23 14:23:42,,2301 NW 87th Ave,Doral,FL,33172,
zcrm_6921033000000763137,zcrm_6921033000000570001,Cory Kronheim,BankMiami,305-323-7000,,,https://www.bankmiami.com/,,Oscar Ortiz intro,zcrm_6921033000000570001,Cory Kronheim,zcrm_6921033000000570001,Cory Kronheim,2025-10-14 12:42:17,2025-12-04 11:44:50,2026-03-31 14:23:40,,"1515 Sunset Drive, Suite 26",Miami,FL,USA,33143
zcrm_6921033000000763155,zcrm_6921033000000570001,Cory Kronheim,South State Bank,,,,,,,zcrm_6921033000000570001,Cory Kronheim,zcrm_6921033000000570001,Cory Kronheim,2025-10-14 12:42:27,2025-10-14 12:46:31,2026-03-23 14:23:40,,,,,,
zcrm_6921033000000808033,zcrm_6921033000000570001,Cory Kronheim,"Standard Retirement Services, Inc.",,,,,,,zcrm_6921033000000570001,Cory Kronheim,zcrm_6921033000000570001,Cory Kronheim,2025-10-31 14:23:41,2025-10-31 14:23:41,2026-03-23 14:23:42,,,,,,
zcrm_6921033000000826014,zcrm_6921033000000570001,Cory Kronheim,TNBank,,,,,,,zcrm_6921033000000570001,Cory Kronheim,zcrm_6921033000000570001,Cory Kronheim,2025-11-03 10:03:03,2025-11-03 10:03:03,2026-03-23 14:23:42,,,,,,
zcrm_6921033000000879002,zcrm_6921033000000570001,Cory Kronheim,Community Bank,731.968.6624,,,www.community-bank.net,,,zcrm_6921033000000570001,Cory Kronheim,zcrm_6921033000000570001,Cory Kronheim,2025-11-11 11:22:49,2025-11-18 09:32:48,2026-03-23 14:23:41,,19 Natchez Trace St.,Lexington,TN,,38351
zcrm_6921033000000954002,zcrm_6921033000000570001,Cory Kronheim,PAAST,305-567-0150,,,https://paast.com,,,zcrm_6921033000000570001,Cory Kronheim,zcrm_6921033000000570001,Cory Kronheim,2025-12-01 13:20:21,2025-12-01 13:20:21,2026-03-23 14:23:41,Oscar referral,255 Alhambra Cir #1100,Coral Gables,FL,,33134
zcrm_6921033000000979607,zcrm_6921033000000570001,Cory Kronheim,Butler Snow,,,,,,,zcrm_6921033000000570001,Cory Kronheim,zcrm_6921033000000570001,Cory Kronheim,2025-12-08 11:18:14,2025-12-08 11:18:14,2026-03-23 14:23:41,,,,,,
zcrm_6921033000000979751,zcrm_6921033000000570001,Cory Kronheim,Elliott Davis,,,,,,,zcrm_6921033000000570001,Cory Kronheim,zcrm_6921033000000570001,Cory Kronheim,2025-12-08 11:25:22,2025-12-08 11:25:22,2026-03-23 14:23:41,,,,,,
zcrm_6921033000000979782,zcrm_6921033000000570001,Cory Kronheim,Evolve Bank & Trust,,,,,,,zcrm_6921033000000570001,Cory Kronheim,zcrm_6921033000000570001,Cory Kronheim,2025-12-08 11:25:53,2025-12-08 11:25:53,2026-03-23 14:23:40,,,,,,
zcrm_6921033000000996011,zcrm_6921033000000570001,Cory Kronheim,Hyper Bots,,,,,,,zcrm_6921033000000570001,Cory Kronheim,zcrm_6921033000000570001,Cory Kronheim,2025-12-08 11:32:29,2025-12-08 11:32:29,2026-03-23 14:23:41,,,,,,
zcrm_6921033000000996078,zcrm_6921033000000570001,Cory Kronheim,KPMG,,,,,,,zcrm_6921033000000570001,Cory Kronheim,zcrm_6921033000000570001,Cory Kronheim,2025-12-08 11:34:04,2025-12-08 11:34:04,2026-03-23 14:23:41,,,,,,
zcrm_6921033000000996116,zcrm_6921033000000570001,Cory Kronheim,Millan Chicago,,,,,,,zcrm_6921033000000570001,Cory Kronheim,zcrm_6921033000000570001,Cory Kronheim,2025-12-08 11:34:50,2025-12-08 11:34:50,2026-03-23 14:23:41,,,,,,
zcrm_6921033000000996162,zcrm_6921033000000570001,Cory Kronheim,Middle Tennessee State University (MTSU),,,,,,,zcrm_6921033000000570001,Cory Kronheim,zcrm_6921033000000570001,Cory Kronheim,2025-12-08 11:35:50,2025-12-08 11:35:50,2026-03-23 14:23:41,,,,,,
zcrm_6921033000000996185,zcrm_6921033000000570001,Cory Kronheim,NowCFO,,,,,,,zcrm_6921033000000570001,Cory Kronheim,zcrm_6921033000000570001,Cory Kronheim,2025-12-08 11:36:09,2025-12-08 11:36:09,2026-03-23 14:23:41,,,,,,
zcrm_6921033000000996285,zcrm_6921033000000570001,Cory Kronheim,Willary Winn,,,,,,,zcrm_6921033000000570001,Cory Kronheim,zcrm_6921033000000570001,Cory Kronheim,2025-12-08 11:39:22,2025-12-08 11:39:22,2026-03-23 14:23:41,,,,,,
zcrm_6921033000001022002,zcrm_6921033000000570001,Cory Kronheim,Circle K,,,,,,,zcrm_6921033000000570001,Cory Kronheim,zcrm_6921033000000570001,Cory Kronheim,2025-12-11 11:59:37,2025-12-11 11:59:37,2026-03-23 14:23:41,,,,,,
zcrm_6921033000001039669,zcrm_6921033000000570001,Cory Kronheim,Puzzle HR,,,,,,,zcrm_6921033000000570001,Cory Kronheim,zcrm_6921033000000570001,Cory Kronheim,2025-12-17 11:30:48,2025-12-17 11:30:48,2026-03-23 14:23:42,,,,,,
zcrm_6921033000001039731,zcrm_6921033000000570001,Cory Kronheim,UKG,,,,,,,zcrm_6921033000000570001,Cory Kronheim,zcrm_6921033000000570001,Cory Kronheim,2025-12-17 11:33:56,2025-12-17 11:33:56,2026-03-23 14:23:42,,,,,,
zcrm_6921033000001039761,zcrm_6921033000000570001,Cory Kronheim,Next Level CFO,,,,,,,zcrm_6921033000000570001,Cory Kronheim,zcrm_6921033000000570001,Cory Kronheim,2025-12-17 11:35:26,2025-12-17 11:35:26,2026-03-23 14:23:42,,,,,,
zcrm_6921033000001049878,zcrm_6921033000000570001,Cory Kronheim,Cherry Bekaert,,,,,,,zcrm_6921033000000570001,Cory Kronheim,zcrm_6921033000000570001,Cory Kronheim,2025-12-17 12:01:14,2025-12-17 12:01:14,2025-12-18 05:02:28,,,,,,
zcrm_6921033000001049879,zcrm_6921033000000570001,Cory Kronheim,Kaizen Retirement Plan Consultants,,,,,,,zcrm_6921033000000570001,Cory Kronheim,zcrm_6921033000000570001,Cory Kronheim,2025-12-17 11:29:05,2026-02-10 13:36:19,2026-02-10 13:36:19,,,,,,
zcrm_6921033000001049880,zcrm_6921033000000570001,Cory Kronheim,Wilson Bank & Trust,615-318-3353,,,,Prospect,,zcrm_6921033000000570001,Cory Kronheim,zcrm_6921033000000570001,Cory Kronheim,2025-07-01 14:20:32,2026-02-26 10:47:58,2026-03-26 11:54:29,,623 W Main St,Lebanon,Tennessee,,37087
zcrm_6921033000001049881,zcrm_6921033000000570001,Cory Kronheim,Lazear Capital,,,,,,,zcrm_6921033000000570001,Cory Kronheim,zcrm_6921033000000570001,Cory Kronheim,2025-12-17 11:31:36,2026-02-10 13:36:45,2026-03-23 14:23:42,,,,,,
zcrm_6921033000001049882,zcrm_6921033000000570001,Cory Kronheim,Scott Insurance,,,,,Prospect,,zcrm_6921033000000570001,Cory Kronheim,zcrm_6921033000000570001,Cory Kronheim,2025-07-01 08:50:39,2026-03-30 15:50:23,2026-04-01 14:23:40,,,,,,
zcrm_6921033000001049883,zcrm_6921033000000570001,Cory Kronheim,Puzzle HR,,,,,,,zcrm_6921033000000570001,Cory Kronheim,zcrm_6921033000000570001,Cory Kronheim,2025-12-17 12:01:14,2025-12-17 12:01:14,2025-12-18 05:02:27,,,,,,
zcrm_6921033000001049884,zcrm_6921033000000570001,Cory Kronheim,Next Level CFO,,,,,,,zcrm_6921033000000570001,Cory Kronheim,zcrm_6921033000000570001,Cory Kronheim,2025-12-17 12:01:14,2025-12-17 12:01:14,2025-12-18 05:01:57,,,,,,
zcrm_6921033000001049885,zcrm_6921033000000570001,Cory Kronheim,Pinnacle Bank,,,,,,,zcrm_6921033000000570001,Cory Kronheim,zcrm_6921033000000570001,Cory Kronheim,2025-12-17 12:01:14,2025-12-17 12:01:14,2025-12-18 05:02:28,,,,,,
zcrm_6921033000001049886,zcrm_6921033000000570001,Cory Kronheim,UKG,,,,,,,zcrm_6921033000000570001,Cory Kronheim,zcrm_6921033000000570001,Cory Kronheim,2025-12-17 12:01:14,2025-12-17 12:01:14,2025-12-18 05:02:27,,,,,,
zcrm_6921033000001180119,zcrm_6921033000000570001,Cory Kronheim,Red Wing,,,,,,,zcrm_6921033000000570001,Cory Kronheim,zcrm_6921033000000570001,Cory Kronheim,2026-01-13 15:45:03,2026-01-13 15:45:03,2026-03-23 14:23:42,,,,,,
zcrm_6921033000001256063,zcrm_6921033000000570001,Cory Kronheim,1st Source Bank,,,,,,,zcrm_6921033000000570001,Cory Kronheim,zcrm_6921033000000570001,Cory Kronheim,2026-02-09 13:25:54,2026-02-09 13:25:54,,,,South Bend,IN,,
zcrm_6921033000001256064,zcrm_6921033000000570001,Cory Kronheim,5ironCyber,,,,,,,zcrm_6921033000000570001,Cory Kronheim,zcrm_6921033000000570001,Cory Kronheim,2026-02-09 13:25:54,2026-02-09 13:25:54,,,,Franklin,TN,,
zcrm_6921033000001256065,zcrm_6921033000000570001,Cory Kronheim,"Abrigo, Inc.",,,,,,,zcrm_6921033000000570001,Cory Kronheim,zcrm_6921033000000570001,Cory Kronheim,2026-02-09 13:25:54,2026-02-09 13:25:54,,,,Dallas,TX,,
zcrm_6921033000001256066,zcrm_6921033000000570001,Cory Kronheim,ACNB Bank,,,,,,,zcrm_6921033000000570001,Cory Kronheim,zcrm_6921033000000570001,Cory Kronheim,2026-02-09 13:25:54,2026-02-09 13:25:54,,,,Gettysburg,PA,,
zcrm_6921033000001256067,zcrm_6921033000000570001,Cory Kronheim,Agent IQ,,,,,,,zcrm_6921033000000570001,Cory Kronheim,zcrm_6921033000000570001,Cory Kronheim,2026-02-09 13:25:54,2026-02-09 13:25:54,,,,Nashville,TN,,
zcrm_6921033000001256068,zcrm_6921033000000570001,Cory Kronheim,Alston & Bird LLP,404-881-7000,,,www.alston.com,,,zcrm_6921033000000570001,Cory Kronheim,zcrm_6921033000000570001,Cory Kronheim,2026-02-09 13:25:54,2026-03-30 12:52:11,2026-03-30 13:01:13,,1201 West Peachtree St,Atlanta,GA,,30309-3424
zcrm_6921033000001256069,zcrm_6921033000000570001,Cory Kronheim,Amalgamated Bank,,,,,,,zcrm_6921033000000570001,Cory Kronheim,zcrm_6921033000000570001,Cory Kronheim,2026-02-09 13:25:54,2026-02-09 13:25:54,,,,New York,NY,,
zcrm_6921033000001256070,zcrm_6921033000000570001,Cory Kronheim,Amerant Bank,,,,,,,zcrm_6921033000000570001,Cory Kronheim,zcrm_6921033000000570001,Cory Kronheim,2026-02-09 13:25:54,2026-02-09 13:25:54,,,,Coral Gables,FL,,
zcrm_6921033000001256071,zcrm_6921033000000570001,Cory Kronheim,Anchor State Bank,,,,,,,zcrm_6921033000000570001,Cory Kronheim,zcrm_6921033000000570001,Cory Kronheim,2026-02-09 13:25:54,2026-02-09 13:25:54,,,,Cleveland,OH,,
zcrm_6921033000001256072,zcrm_6921033000000570001,Cory Kronheim,Bank of Utah,,,,,,,zcrm_6921033000000570001,Cory Kronheim,zcrm_6921033000000570001,Cory Kronheim,2026-02-09 13:25:54,2026-02-09 13:25:54,,,,Ogden,UT,,
zcrm_6921033000001256073,zcrm_6921033000000570001,Cory Kronheim,BayFirst,,,,,,,zcrm_6921033000000570001,Cory Kronheim,zcrm_6921033000000570001,Cory Kronheim,2026-02-09 13:25:54,2026-02-09 13:25:54,,,,St. Petersburg,FL,,
zcrm_6921033000001256074,zcrm_6921033000000570001,Cory Kronheim,Burke & Herbert Bank & Trust Company,,,,,,,zcrm_6921033000000570001,Cory Kronheim,zcrm_6921033000000570001,Cory Kronheim,2026-02-09 13:25:54,2026-02-09 13:25:54,,,,Alexandria,VA,,
zcrm_6921033000001256075,zcrm_6921033000000570001,Cory Kronheim,Chemung Canal Trust Company,,,,,,,zcrm_6921033000000570001,Cory Kronheim,zcrm_6921033000000570001,Cory Kronheim,2026-02-09 13:25:54,2026-02-09 13:25:54,,,,Elmira,NY,,
zcrm_6921033000001256076,zcrm_6921033000000570001,Cory Kronheim,City National Bank of West Virginia,,,,,,,zcrm_6921033000000570001,Cory Kronheim,zcrm_6921033000000570001,Cory Kronheim,2026-02-09 13:25:54,2026-02-09 13:25:54,,,,Charleston,WV,,
zcrm_6921033000001256077,zcrm_6921033000000570001,Cory Kronheim,Climate First Bank,,,,,,,zcrm_6921033000000570001,Cory Kronheim,zcrm_6921033000000570001,Cory Kronheim,2026-02-09 13:25:54,2026-02-09 13:25:54,,,,Winter Park,FL,,
zcrm_6921033000001256078,zcrm_6921033000000570001,Cory Kronheim,Coastal Community Bank,,,,,,,zcrm_6921033000000570001,Cory Kronheim,zcrm_6921033000000570001,Cory Kronheim,2026-02-09 13:25:54,2026-02-09 13:25:54,,,,Everett,WA,,
zcrm_6921033000001256079,zcrm_6921033000000570001,Cory Kronheim,ConnectOne Bank,844-266-2548,,,,,,zcrm_6921033000000570001,Cory Kronheim,zcrm_6921033000000570001,Cory Kronheim,2026-02-09 13:25:54,2026-03-05 13:24:40,2026-03-23 14:23:42,,301 Sylvan Avenue,Englewood Cliffs,NJ,,07632
zcrm_6921033000001256080,zcrm_6921033000000570001,Cory Kronheim,First International Bank & Trust,,,,fibt.com,,,zcrm_6921033000000570001,Cory Kronheim,zcrm_6921033000000570001,Cory Kronheim,2026-02-09 13:25:54,2026-02-09 15:45:03,2026-02-09 15:45:03,,,Phoenix,AZ,,
zcrm_6921033000001256081,zcrm_6921033000000570001,Cory Kronheim,"First Western Financial, Inc.",,,,,,,zcrm_6921033000000570001,Cory Kronheim,zcrm_6921033000000570001,Cory Kronheim,2026-02-09 13:25:54,2026-02-09 13:25:54,,,,Denver,CO,,
zcrm_6921033000001256082,zcrm_6921033000000570001,Cory Kronheim,Five Star Bank,,,,,,,zcrm_6921033000000570001,Cory Kronheim,zcrm_6921033000000570001,Cory Kronheim,2026-02-09 13:25:54,2026-02-09 13:25:54,,,,Rancho Cordova,CA,,
zcrm_6921033000001256083,zcrm_6921033000000570001,Cory Kronheim,Galoy Inc.,,,,galoy.io,,,zcrm_6921033000000570001,Cory Kronheim,zcrm_6921033000000570001,Cory Kronheim,2026-02-09 13:25:54,2026-03-30 12:56:42,2026-03-30 13:01:13,,,Providence,RI,,
zcrm_6921033000001256084,zcrm_6921033000000570001,Cory Kronheim,German American Bancorp,,,,,,,zcrm_6921033000000570001,Cory Kronheim,zcrm_6921033000000570001,Cory Kronheim,2026-02-09 13:25:54,2026-02-09 13:25:54,,,,Jasper,IN,,
zcrm_6921033000001256085,zcrm_6921033000000570001,Cory Kronheim,Golin,,,,,,,zcrm_6921033000000570001,Cory Kronheim,zcrm_6921033000000570001,Cory Kronheim,2026-02-09 13:25:54,2026-02-09 13:25:54,,,,New York,NY,,
zcrm_6921033000001256086,zcrm_6921033000000570001,Cory Kronheim,Greenfield Co-operative Bank,,,,,,,zcrm_6921033000000570001,Cory Kronheim,zcrm_6921033000000570001,Cory Kronheim,2026-02-09 13:25:54,2026-03-30 13:01:36,2026-03-30 13:02:24,,63 Federal St,Greenfield,MA,,01301
zcrm_6921033000001256087,zcrm_6921033000000570001,Cory Kronheim,Heartland Bank & Trust Co.,,,,,,,zcrm_6921033000000570001,Cory Kronheim,zcrm_6921033000000570001,Cory Kronheim,2026-02-09 13:25:54,2026-02-09 13:25:54,,,,Bloomington,IL,,
zcrm_6921033000001256088,zcrm_6921033000000570001,Cory Kronheim,Heritage Bank,,,,,,,zcrm_6921033000000570001,Cory Kronheim,zcrm_6921033000000570001,Cory Kronheim,2026-02-09 13:25:54,2026-02-09 13:25:54,,,,Olympia,WA,,
zcrm_6921033000001256089,zcrm_6921033000000570001,Cory Kronheim,Heritage Bank of Commerce,,,,,,,zcrm_6921033000000570001,Cory Kronheim,zcrm_6921033000000570001,Cory Kronheim,2026-02-09 13:25:54,2026-02-09 13:25:54,,,,San Jose,CA,,
zcrm_6921033000001256090,zcrm_6921033000000570001,Cory Kronheim,"Hovde Group, LLC",,,,thehovdegroup.com,,,zcrm_6921033000000570001,Cory Kronheim,zcrm_6921033000000570001,Cory Kronheim,2026-02-09 13:25:54,2026-02-09 15:43:02,2026-02-09 15:43:02,,,Chicago,IL,,
zcrm_6921033000001256091,zcrm_6921033000000570001,Cory Kronheim,ImpactFI,,,,,,,zcrm_6921033000000570001,Cory Kronheim,zcrm_6921033000000570001,Cory Kronheim,2026-02-09 13:25:54,2026-02-09 13:25:54,,,,Roswell,GA,,
zcrm_6921033000001256092,zcrm_6921033000000570001,Cory Kronheim,Kearny Bank,,,,,,,zcrm_6921033000000570001,Cory Kronheim,zcrm_6921033000000570001,Cory Kronheim,2026-02-09 13:25:54,2026-02-09 13:25:54,,,,Fairfield,NJ,,
zcrm_6921033000001256093,zcrm_6921033000000570001,Cory Kronheim,KeyState,702-598-3738,,,https://www.key-state.com/,,,zcrm_6921033000000570001,Cory Kronheim,zcrm_6921033000000570001,Cory Kronheim,2025-11-03 08:40:04,2026-03-30 12:49:28,2026-03-31 14:23:40,,"3883 Howard Hughes Pkwy, Ste 500",Las Vegas,NV,,89169
zcrm_6921033000001256094,zcrm_6921033000000570001,Cory Kronheim,Marquis,,,,,,,zcrm_6921033000000570001,Cory Kronheim,zcrm_6921033000000570001,Cory Kronheim,2026-02-09 13:25:54,2026-02-09 13:25:54,,,,Fort Lauderdale,FL,,
zcrm_6921033000001256095,zcrm_6921033000000570001,Cory Kronheim,Metropolitan Commercial Bank,,,,www.MCBankNY.com,,,zcrm_6921033000000570001,Cory Kronheim,zcrm_6921033000000570001,Cory Kronheim,2026-02-09 13:25:54,2026-03-05 13:21:19,2026-03-23 14:23:42,,"99 Park Avenue, 12th Floor",New York,NY,,10016
zcrm_6921033000001256096,zcrm_6921033000000570001,Cory Kronheim,"Mission Capital Advisors, LLC",212-537-5959,,,www.missioncap.com,,,zcrm_6921033000000570001,Cory Kronheim,zcrm_6921033000000570001,Cory Kronheim,2026-02-09 13:25:54,2026-03-30 12:53:26,2026-03-30 13:01:13,,"260 Madison Ave, 5th Floor",New York,NY,,10016
zcrm_6921033000001256097,zcrm_6921033000000570001,Cory Kronheim,Nantahala Bank & Trust Company,,,,,,,zcrm_6921033000000570001,Cory Kronheim,zcrm_6921033000000570001,Cory Kronheim,2026-02-09 13:25:54,2026-02-09 13:25:54,,,,Franklin,NC,,
zcrm_6921033000001256098,zcrm_6921033000000570001,Cory Kronheim,Orrstown Bank,,,,,,,zcrm_6921033000000570001,Cory Kronheim,zcrm_6921033000000570001,Cory Kronheim,2026-02-09 13:25:54,2026-02-09 13:25:54,,,,Harrisburg,PA,,
zcrm_6921033000001256099,zcrm_6921033000000570001,Cory Kronheim,South Atlantic Bank,,,,,,,zcrm_6921033000000570001,Cory Kronheim,zcrm_6921033000000570001,Cory Kronheim,2026-02-09 13:25:54,2026-02-09 13:25:54,,,,Myrtle Beach,SC,,
zcrm_6921033000001256100,zcrm_6921033000000570001,Cory Kronheim,SouthState Bank,,,,,,,zcrm_6921033000000570001,Cory Kronheim,zcrm_6921033000000570001,Cory Kronheim,2026-02-09 13:25:54,2026-02-09 13:25:54,,,,Winter Haven,FL,,
zcrm_6921033000001256101,zcrm_6921033000000570001,Cory Kronheim,Thomaston Savings Bank,,,,,,,zcrm_6921033000000570001,Cory Kronheim,zcrm_6921033000000570001,Cory Kronheim,2026-02-09 13:25:54,2026-02-09 13:25:54,,,,Thomaston,CT,,
zcrm_6921033000001256102,zcrm_6921033000000570001,Cory Kronheim,Ulster Savings Bank,845-338-6322,,,www.ulstersavings.com,,,zcrm_6921033000000570001,Cory Kronheim,zcrm_6921033000000570001,Cory Kronheim,2026-02-09 13:25:54,2026-03-30 15:51:35,2026-03-30 17:01:13,,180 Schwenk DR,Kingston,NY,,12401
zcrm_6921033000001256103,zcrm_6921033000000570001,Cory Kronheim,Westbury Bank,,,,,,,zcrm_6921033000000570001,Cory Kronheim,zcrm_6921033000000570001,Cory Kronheim,2026-02-09 13:25:54,2026-02-09 13:25:54,,,,Waukesha,WI,,
zcrm_6921033000001256104,zcrm_6921033000000570001,Cory Kronheim,Western State Bank,,,,,,,zcrm_6921033000000570001,Cory Kronheim,zcrm_6921033000000570001,Cory Kronheim,2026-02-09 13:25:54,2026-02-09 13:25:54,,,,West Fargo,ND,,
zcrm_6921033000001256105,zcrm_6921033000000570001,Cory Kronheim,William Mills Agency,,,,williammills.com,,,zcrm_6921033000000570001,Cory Kronheim,zcrm_6921033000000570001,Cory Kronheim,2026-02-09 13:25:54,2026-03-18 13:48:35,2026-03-23 14:23:42,,300 W Wieuca Rd NE,Atlanta,GA,,30342-3394
zcrm_6921033000001256106,zcrm_6921033000000570001,Cory Kronheim,Wilson Bank and Trust,,,,,,,zcrm_6921033000000570001,Cory Kronheim,zcrm_6921033000000570001,Cory Kronheim,2026-02-09 13:25:54,2026-02-09 13:25:54,,,,Lebanon,TN,,
zcrm_6921033000001268032,zcrm_6921033000000570001,Cory Kronheim,Lawrence Family,,,,,,,zcrm_6921033000000570001,Cory Kronheim,zcrm_6921033000000570001,Cory Kronheim,2026-02-10 13:31:49,2026-02-10 13:31:49,2026-03-23 14:23:42,,,,,,
zcrm_6921033000001268179,zcrm_6921033000000570001,Cory Kronheim,New Peoples Bank,276-644-4791,,,www.newpeoples.bank,,,zcrm_6921033000000570001,Cory Kronheim,zcrm_6921033000000570001,Cory Kronheim,2026-02-10 13:41:44,2026-02-10 13:41:44,2026-03-23 14:23:42,,271 Linden Square Drive,Bristol,VA,,24202
zcrm_6921033000001274026,zcrm_6921033000000570001,Cory Kronheim,Kaizer Retirement Plan Consultants,,,,,,,zcrm_6921033000000570001,Cory Kronheim,zcrm_6921033000000570001,Cory Kronheim,2026-02-11 14:23:42,2026-02-11 14:23:42,2026-03-23 14:23:42,,,,,,
zcrm_6921033000001274154,zcrm_6921033000000570001,Cory Kronheim,Crowe,,,,,,,zcrm_6921033000000570001,Cory Kronheim,zcrm_6921033000000570001,Cory Kronheim,2026-02-12 14:23:40,2026-02-12 14:23:40,2026-03-23 14:23:42,,,,,,
zcrm_6921033000001289006,zcrm_6921033000000570001,Cory Kronheim,ImpactFI Advisors,404-242-0892,,,impactfiadvisors.com,,,zcrm_6921033000000570001,Cory Kronheim,zcrm_6921033000000570001,Cory Kronheim,2026-02-19 09:53:31,2026-02-19 09:53:31,2026-03-23 14:23:42,,,Atlanta,GA,,
zcrm_6921033000001289175,zcrm_6921033000000570001,Cory Kronheim,Lineage Bank,,,,,,,zcrm_6921033000000570001,Cory Kronheim,zcrm_6921033000000570001,Cory Kronheim,2026-02-19 10:20:15,2026-02-19 10:20:15,2026-02-19 10:21:05,,,,,,
zcrm_6921033000001310034,zcrm_6921033000000570001,Cory Kronheim,Tennessee Valley Credit Union,,,,,,,zcrm_6921033000000570001,Cory Kronheim,zcrm_6921033000000570001,Cory Kronheim,2026-02-23 15:45:21,2026-02-23 15:45:21,2026-03-23 14:23:42,,,,,,
zcrm_6921033000001338066,zcrm_6921033000000570001,Cory Kronheim,CommerceOne Bank,,,,https://www.commerceonebank.com/,,,zcrm_6921033000000570001,Cory Kronheim,zcrm_6921033000000570001,Cory Kronheim,2026-03-05 10:28:05,2026-03-05 10:28:05,2026-03-23 14:23:42,,,,,,
zcrm_6921033000001338209,zcrm_6921033000000570001,Cory Kronheim,Moyer & Company,615-224-8400,,,http://www.moyerco.com/,,,zcrm_6921033000000570001,Cory Kronheim,zcrm_6921033000000570001,Cory Kronheim,2026-03-05 11:13:58,2026-03-05 11:13:58,2026-03-23 14:23:42,,,,,,
zcrm_6921033000001338235,zcrm_6921033000000570001,Cory Kronheim,Autobooks,866-617-3122,,,https://www.autobooks.co/,,,zcrm_6921033000000570001,Cory Kronheim,zcrm_6921033000000570001,Cory Kronheim,2026-03-05 11:17:30,2026-03-05 11:19:55,2026-03-23 14:23:42,,"1505 Woodward Ave., 8th floor",Detroit,MI,,48226
zcrm_6921033000001344098,zcrm_6921033000000570001,Cory Kronheim,My First Farmers,,,,,,,zcrm_6921033000000570001,Cory Kronheim,zcrm_6921033000000570001,Cory Kronheim,2026-03-07 14:23:42,2026-03-07 14:23:42,2026-03-23 14:23:42,,,,,,
zcrm_6921033000001379229,zcrm_6921033000000570001,Cory Kronheim,Lundbeck,,,,,,,zcrm_6921033000000570001,Cory Kronheim,zcrm_6921033000000570001,Cory Kronheim,2026-03-23 09:42:59,2026-03-23 09:42:59,2026-03-23 11:01:13,,,,,,
zcrm_6921033000001423176,zcrm_6921033000000570001,Cory Kronheim,Crisil Limited,+44 870-33-6336,,,integrallq.crisil.com,,,zcrm_6921033000000570001,Cory Kronheim,zcrm_6921033000000570001,Cory Kronheim,2026-03-30 12:59:41,2026-03-30 12:59:41,2026-03-30 13:01:13,,"The Script, 2nd Floor, 44 Featherstone Street",London,,UK,EC1Y 8RN
zcrm_6921033000001423234,zcrm_6921033000000570001,Cory Kronheim,Healing Hands,305-321-8253,,,www.healing-hands.us,,,zcrm_6921033000000570001,Cory Kronheim,zcrm_6921033000000570001,Cory Kronheim,2026-03-30 13:05:36,2026-03-30 13:20:46,2026-03-30 13:20:46,,"175 SW 7th St, Suite 1712",Miami,FL,,33130
zcrm_6921033000001423270,zcrm_6921033000000570001,Cory Kronheim,Lumin Digital,509-220-2048,,,,,,zcrm_6921033000000570001,Cory Kronheim,zcrm_6921033000000570001,Cory Kronheim,2026-03-30 13:21:58,2026-03-30 13:21:58,2026-03-30 13:22:38,,3001 Bishop Drive Ste 110,San Ramon,CA,,94583
zcrm_6921033000001423297,zcrm_6921033000000570001,Cory Kronheim,One Ethos,941-445-0142,,,,,,zcrm_6921033000000570001,Cory Kronheim,zcrm_6921033000000570001,Cory Kronheim,2026-03-30 15:45:50,2026-03-30 15:45:50,2026-03-30 17:01:13,,,,,,
zcrm_6921033000001423323,zcrm_6921033000000570001,Cory Kronheim,S&P Global Market Intelligence,,,,www.spglobal.com/market-intelligence/en,,,zcrm_6921033000000570001,Cory Kronheim,zcrm_6921033000000570001,Cory Kronheim,2026-03-30 15:48:39,2026-03-30 15:49:11,2026-03-30 17:01:13,,212 7th St NE,Charlottesville,VA,,22902
zcrm_6921033000001423409,zcrm_6921033000000570001,Cory Kronheim,Z Suite Tech,,,,,,,zcrm_6921033000000570001,Cory Kronheim,zcrm_6921033000000570001,Cory Kronheim,2026-03-30 15:53:27,2026-03-30 15:53:27,2026-03-30 17:01:13,,,,,,
